﻿<?xml version="1.0" encoding="UTF-8"?>
<root>
  <mode id="320" version="0.0" load_res_md5="" game_version="0" best_experience="0" basic_version="0.0" />
  <mode id="340" version="68.1" load_res_md5="7514f94e66862e82d3312de3fd29348f" game_version="125" best_experience="1" basic_version="539.1" />
  <mode id="270" version="0.0" load_res_md5="" game_version="0" best_experience="0" basic_version="0.0" />
  <mode id="280" version="0.0" load_res_md5="" game_version="0" best_experience="0" basic_version="0.0" />
  <mode id="260" version="0.0" load_res_md5="" game_version="0" best_experience="0" basic_version="0.0" />
  <mode id="120" version="0.0" load_res_md5="" game_version="0" best_experience="0" basic_version="0.0" />
  <mode id="200" version="0.0" load_res_md5="" game_version="0" best_experience="0" basic_version="0.0" />
  <mode id="220" version="0.0" load_res_md5="" game_version="0" best_experience="0" basic_version="0.0" />
  <mode id="230" version="0.0" load_res_md5="" game_version="0" best_experience="0" basic_version="0.0" />
  <mode id="310" version="0.0" load_res_md5="" game_version="0" best_experience="0" basic_version="0.0" />
  <mode id="110" version="0.0" load_res_md5="" game_version="0" best_experience="0" basic_version="0.0" />
  <depend name="ChessPlayerRes" version="57.1" load_res_md5="b91ba93f8ad3a9352826e55f990f1f81" />
</root>